cell_id,step_ix,simulation_i,sim_time,,
cell1,4798,9,264,,
cell2,4135,8,86.08333333,,
cell3,3600,7,164,,
cell4,4132,8,80.08333333,,
cell5,2469,5,198,,
cell6,2495,5,250,,
cell7,1007,2,718,,
cell8,5054,9,776,,
cell9,1264,3,84.08333333,,
cell10,1247,3,50,,
cell11,2043,4,494.0833333,,
cell12,192,1,236,,
cell13,4186,8,188,,
cell14,3327,6,766,,
cell15,2566,5,392.0833333,,
cell16,3517,7,0,,
cell17,1067,2,838,,
cell18,2446,5,152.0833333,,
cell19,4192,8,200,,
cell20,1426,3,408.0833333,,
cell21,1046,2,796,,
cell22,1227,3,10,,
cell23,4740,9,148.0833333,,
cell24,3440,6,992,,
cell25,660,2,24.08333333,,
cell26,2685,5,630,,
cell27,2417,5,94.08333333,,
cell28,3591,7,146.0833333,,
cell29,1032,2,768,,
cell30,4739,9,146.0833333,,
cell31,5409,10,338.0833333,,
cell32,4718,9,104.0833333,,
cell33,3596,7,156,,
cell34,3126,6,364.0833333,,
cell35,4124,8,64,,
cell36,4241,8,298,,
cell37,2216,4,840,,
cell38,2548,5,356.0833333,,
cell39,1854,4,116.0833333,,
cell40,1324,3,204,,
cell41,1478,3,512.0833333,,
cell42,4771,9,210,,
cell43,3156,6,424.0833333,,
cell44,1282,3,120.0833333,,
cell45,4149,8,114.0833333,,
cell46,3539,7,42,,
cell47,4228,8,272,,
cell48,3667,7,298,,
cell49,330,1,512.0833333,,
cell50,675,2,54,,
cell51,4738,9,144.0833333,,
cell52,520,1,892,,
cell53,4452,8,720,,
cell54,3662,7,288,,
cell55,87,1,26.08333333,,
cell56,1588,3,732,,
cell57,3541,7,46,,
cell58,4727,9,122.0833333,,
cell59,3720,7,404.0833333,,
cell60,1035,2,774,,
cell61,3198,6,508.0833333,,
cell62,5282,10,84.08333333,,
cell63,1355,3,266,,
cell64,1251,3,58,,
cell65,3292,6,696,,
cell66,5317,10,154,,
cell67,3533,7,30.08333333,,
cell68,681,2,66,,
cell69,539,1,930,,
cell70,4880,9,428.0833333,,
cell71,4814,9,296,,
cell72,1893,4,194,,
cell73,527,1,906,,
cell74,931,2,566.0833333,,
cell75,1307,3,170,,
cell76,1279,3,114.0833333,,
cell77,4738,9,144.0833333,,
cell78,1263,3,82.08333333,,
cell79,2532,5,324.0833333,,
cell80,3874,7,712,,
cell81,3587,7,138.0833333,,
cell82,3102,6,316.0833333,,
cell83,657,2,18,,
cell84,5444,10,408.0833333,,
cell85,3136,6,384.0833333,,
cell86,1267,3,90.08333333,,
cell87,4149,8,114.0833333,,
cell88,794,2,292,,
cell89,871,2,446.0833333,,
cell90,3258,6,628,,
cell91,4988,9,644,,
cell92,5561,10,642,,
cell93,175,1,202,,
cell94,2231,4,870,,
cell95,1444,3,444.0833333,,
cell96,156,1,164,,
cell97,1364,3,284,,
cell98,5296,10,112.0833333,,
cell99,144,1,140.0833333,,
cell100,2019,4,446.0833333,,
cell101,718,2,140.0833333,,
cell102,2466,5,192,,
cell103,293,1,438.0833333,,
cell104,1978,4,364.0833333,,
cell105,1986,4,380.0833333,,
cell106,299,1,450.0833333,,
cell107,1086,2,876,,
cell108,3025,6,162,,
cell109,5407,10,334.0833333,,
cell110,5260,10,40,,
cell111,713,2,130.0833333,,
cell112,3654,7,272,,
cell113,529,1,910,,
cell114,1954,4,316.0833333,,
cell115,665,2,34.08333333,,
cell116,3302,6,716,,
cell117,1646,3,848,,
cell118,435,1,722,,
cell119,4335,8,486.0833333,,
cell120,4704,9,76,,
cell121,5273,10,66,,
cell122,3661,7,286,,
cell123,3536,7,36.08333333,,
cell124,212,1,276,,
cell125,2526,5,312.0833333,,
cell126,2230,4,868,,
cell127,3089,6,290,,
cell128,3020,6,152.0833333,,
cell129,4670,9,8.083333333,,
cell130,3970,7,904,,
cell131,4464,8,744,,
cell132,298,1,448.0833333,,
cell133,4451,8,718,,
cell134,4715,9,98.08333333,,
cell135,3560,7,84.08333333,,
cell136,932,2,568.0833333,,
cell137,3652,7,268,,
cell138,3539,7,42,,
cell139,3270,6,652,,
cell140,2670,5,600.0833333,,
cell141,5425,10,370.0833333,,
cell142,337,1,526.0833333,,
cell143,740,2,184,,
cell144,2194,4,796,,
cell145,2405,5,70,,
cell146,3787,7,538.0833333,,
cell147,4734,9,136.0833333,,
cell148,1580,3,716,,
cell149,300,1,452.0833333,,
cell150,203,1,258,,
cell151,4118,8,52,,
cell152,140,1,132.0833333,,
cell153,3077,6,266,,
cell154,3014,6,140.0833333,,
cell155,3303,6,718,,
cell156,2761,5,782,,
cell157,5306,10,132.0833333,,
cell158,3016,6,144.0833333,,
cell159,2081,4,570.0833333,,
cell160,1818,4,44,,
cell161,3594,7,152.0833333,,
cell162,4680,9,28.08333333,,
cell163,2090,4,588.0833333,,
cell164,1883,4,174,,
cell165,1627,3,810,,
cell166,139,1,130.0833333,,
cell167,1352,3,260,,
cell168,3970,7,904,,
cell169,5589,10,698,,
cell170,1836,4,80.08333333,,
cell171,3443,6,998,,
cell172,3841,7,646,,
cell173,161,1,174,,
cell174,4134,8,84.08333333,,
cell175,2441,5,142.0833333,,
cell176,4271,8,358.0833333,,
cell177,1431,3,418.0833333,,
cell178,1500,3,556.0833333,,
cell179,3159,6,430.0833333,,
cell180,2818,5,896,,
cell181,670,2,44,,
cell182,754,2,212,,
cell183,3661,7,286,,
cell184,922,2,548.0833333,,
cell185,129,1,110.0833333,,
cell186,539,1,930,,
cell187,4741,9,150.0833333,,
cell188,2975,6,62,,
cell189,4116,8,48,,
cell190,2192,4,792,,
cell191,4675,9,18,,
cell192,4861,9,390.0833333,,
cell193,3548,7,60,,
cell194,3188,6,488.0833333,,
cell195,1813,4,34.08333333,,
cell196,3111,6,334.0833333,,
cell197,3147,6,406.0833333,,
cell198,2445,5,150.0833333,,
cell199,1976,4,360.0833333,,
cell200,2445,5,150.0833333,,
cell201,1882,4,172,,
cell202,2001,4,410.0833333,,
cell203,1005,2,714,,
cell204,3213,6,538.0833333,,
cell205,4494,8,804,,
cell206,3710,7,384.0833333,,
cell207,4736,9,140.0833333,,
cell208,4704,9,76,,
cell209,4131,8,78.08333333,,
cell210,1048,2,800,,
cell211,1245,3,46,,
cell212,775,2,254,,
cell213,781,2,266,,
cell214,833,2,370.0833333,,
cell215,4718,9,104.0833333,,
cell216,3196,6,504.0833333,,
cell217,836,2,376.0833333,,
cell218,2542,5,344.0833333,,
cell219,4955,9,578.0833333,,
cell220,4138,8,92.08333333,,
cell221,2682,5,624,,
cell222,1591,3,738,,
cell223,4865,9,398.0833333,,
cell224,1850,4,108.0833333,,
cell225,3000,6,112.0833333,,
cell226,4461,8,738,,
cell227,4477,8,770,,
cell228,2406,5,72,,
cell229,2629,5,518.0833333,,
cell230,793,2,290,,
cell231,1472,3,500.0833333,,
cell232,1221,3,0,,
cell233,5255,10,30.08333333,,
cell234,4170,8,156,,
cell235,547,1,946,,
cell236,1815,4,38.08333333,,
cell237,1454,3,464.0833333,,
cell238,4494,8,804,,
cell239,5030,9,728,,
cell240,4740,9,148.0833333,,
cell241,3406,6,924,,
cell242,1831,4,70,,
cell243,4457,8,730,,
cell244,3540,7,44,,
cell245,4147,8,110.0833333,,
cell246,2392,5,44,,
cell247,4106,8,28.08333333,,
cell248,4334,8,484.0833333,,
cell249,176,1,204,,
cell250,1235,3,26.08333333,,
cell251,2194,4,796,,
cell252,4249,8,314.0833333,,
cell253,925,2,554.0833333,,
cell254,1590,3,736,,
cell255,2216,4,840,,
cell256,3146,6,404.0833333,,
cell257,4805,9,278,,
cell258,4729,9,126.0833333,,
cell259,1707,3,970,,
cell260,4094,8,4,,
cell261,2446,5,152.0833333,,
cell262,4836,9,340.0833333,,
cell263,1959,4,326.0833333,,
cell264,2430,5,120.0833333,,
cell265,4158,8,132.0833333,,
cell266,521,1,894,,
cell267,1567,3,690,,
cell268,2060,4,528.0833333,,
cell269,748,2,200,,
cell270,137,1,126.0833333,,
cell271,2370,5,0,,
cell272,456,1,764,,
cell273,4117,8,50,,
cell274,4566,8,948,,
cell275,4741,9,150.0833333,,
cell276,461,1,774,,
cell277,961,2,626,,
cell278,2199,4,806,,
cell279,5433,10,386.0833333,,
cell280,4415,8,646,,
cell281,4847,9,362.0833333,,
cell282,1040,2,784,,
cell283,1251,3,58,,
cell284,920,2,544.0833333,,
cell285,3439,6,990,,
cell286,1610,3,776,,
cell287,1699,3,954,,
cell288,2405,5,70,,
cell289,1999,4,406.0833333,,
cell290,4205,8,226,,
cell291,5271,10,62,,
cell292,232,1,316.0833333,,
cell293,1470,3,496.0833333,,
cell294,1469,3,494.0833333,,
cell295,4739,9,146.0833333,,
cell296,2489,5,238,,
cell297,4260,8,336.0833333,,
cell298,831,2,366.0833333,,
cell299,5138,9,944,,
cell300,4261,8,338.0833333,,
cell301,1091,2,886,,
cell302,3918,7,800,,
cell303,1041,2,786,,
cell304,183,1,218,,
cell305,5316,10,152.0833333,,
cell306,5308,10,136.0833333,,
cell307,5317,10,154,,
cell308,4168,8,152.0833333,,
cell309,4575,8,966,,
cell310,891,2,486.0833333,,
cell311,1572,3,700,,
cell312,2243,4,894,,
cell313,504,1,860,,
cell314,2526,5,312.0833333,,
cell315,4429,8,674,,
cell316,3199,6,510.0833333,,
cell317,1607,3,770,,
cell318,649,2,2.083333333,,
cell319,2057,4,522.0833333,,
cell320,1590,3,736,,
cell321,897,2,498.0833333,,
cell322,539,1,930,,
cell323,707,2,118.0833333,,
cell324,703,2,110.0833333,,
cell325,2670,5,600.0833333,,
cell326,4385,8,586.0833333,,
cell327,3578,7,120.0833333,,
cell328,3206,6,524.0833333,,
cell329,5316,10,152.0833333,,
cell330,3125,6,362.0833333,,
cell331,1958,4,324.0833333,,
cell332,1105,2,914,,
cell333,1492,3,540.0833333,,
cell334,1582,3,720,,
cell335,1240,3,36.08333333,,
cell336,718,2,140.0833333,,
cell337,2596,5,452.0833333,,
cell338,2706,5,672,,
cell339,1451,3,458.0833333,,
cell340,2717,5,694,,
cell341,2736,5,732,,
cell342,99,1,50,,
cell343,919,2,542.0833333,,
cell344,5156,9,980,,
cell345,494,1,840,,
cell346,2990,6,92.08333333,,
cell347,1435,3,426.0833333,,
cell348,2973,6,58,,
cell349,5077,9,822,,
cell350,2442,5,144.0833333,,
cell351,201,1,254,,
cell352,4115,8,46,,
cell353,807,2,318.0833333,,
cell354,4328,8,472.0833333,,
cell355,1909,4,226,,
cell356,4815,9,298,,
cell357,1242,3,40,,
cell358,1299,3,154,,
cell359,1818,4,44,,
cell360,3528,7,20.08333333,,
cell361,4666,9,0,,
cell362,2371,5,2.083333333,,
cell363,1984,4,376.0833333,,
cell364,1240,3,36.08333333,,
cell365,825,2,354.0833333,,
cell366,3187,6,486.0833333,,
cell367,295,1,442.0833333,,
cell368,80,1,12,,
cell369,1452,3,460.0833333,,
cell370,2968,6,48,,
cell371,855,2,414.0833333,,
cell372,5075,9,818,,
cell373,3789,7,542.0833333,,
cell374,99,1,50,,
cell375,462,1,776,,
cell376,2655,5,570.0833333,,
cell377,5071,9,810,,
cell378,2597,5,454.0833333,,
cell379,1364,3,284,,
cell380,4966,9,600.0833333,,
cell381,2617,5,494.0833333,,
cell382,3193,6,498.0833333,,
cell383,4923,9,514.0833333,,
cell384,1272,3,100.0833333,,
cell385,456,1,764,,
cell386,87,1,26.08333333,,
cell387,4376,8,568.0833333,,
cell388,5109,9,886,,
cell389,1230,3,16,,
cell390,2510,5,280,,
cell391,80,1,12,,
cell392,4861,9,390.0833333,,
cell393,2998,6,108.0833333,,
cell394,1706,3,968,,
cell395,5277,10,74,,
cell396,3659,7,282,,
cell397,880,2,464.0833333,,
cell398,4728,9,124.0833333,,
cell399,4741,9,150.0833333,,
cell400,5374,10,268,,
cell401,4697,9,62,,
cell402,921,2,546.0833333,,
cell403,4941,9,550.0833333,,
cell404,972,2,648,,
cell405,1067,2,838,,
cell406,3219,6,550.0833333,,
cell407,214,1,280,,
cell408,3975,7,914,,
cell409,2956,6,24.08333333,,
cell410,5266,10,52,,
cell411,3973,7,910,,
cell412,891,2,486.0833333,,
cell413,1043,2,790,,
cell414,839,2,382.0833333,,
cell415,150,1,152.0833333,,
cell416,3838,7,640,,
cell417,4710,9,88.08333333,,
cell418,4848,9,364.0833333,,
cell419,5387,10,294,,
cell420,1971,4,350.0833333,,
cell421,2193,4,794,,
cell422,3906,7,776,,
cell423,469,1,790,,
cell424,3863,7,690,,
cell425,5287,10,94.08333333,,
cell426,1646,3,848,,
cell427,2573,5,406.0833333,,
cell428,1272,3,100.0833333,,
cell429,1253,3,62,,
cell430,1825,4,58,,
cell431,4740,9,148.0833333,,
cell432,2956,6,24.08333333,,
cell433,5382,10,284,,
cell434,1372,3,300,,
cell435,845,2,394.0833333,,
cell436,4220,8,256,,
cell437,3586,7,136.0833333,,
cell438,4876,9,420.0833333,,
cell439,3776,7,516.0833333,,
cell440,3279,6,670,,
cell441,4095,8,6.083333333,,
cell442,4739,9,146.0833333,,
cell443,3596,7,156,,
cell444,3590,7,144.0833333,,
cell445,4753,9,174,,
cell446,4504,8,824,,
cell447,4212,8,240,,
cell448,1504,3,564.0833333,,
cell449,4725,9,118.0833333,,
cell450,1934,4,276,,
cell451,4266,8,348.0833333,,
cell452,4106,8,28.08333333,,
cell453,3203,6,518.0833333,,
cell454,2526,5,312.0833333,,
cell455,2256,4,920,,
cell456,829,2,362.0833333,,
cell457,1531,3,618,,
cell458,4018,7,1000,,
cell459,4314,8,444.0833333,,
cell460,5290,10,100.0833333,,
cell461,2694,5,648,,
cell462,892,2,488.0833333,,
cell463,4840,9,348.0833333,,
cell464,4148,8,112.0833333,,
cell465,4170,8,156,,
cell466,3146,6,404.0833333,,
cell467,1301,3,158,,
cell468,4267,8,350.0833333,,
cell469,3527,7,18,,
cell470,1350,3,256,,
cell471,3049,6,210,,
cell472,2573,5,406.0833333,,
cell473,2724,5,708,,
cell474,2217,4,842,,
cell475,432,1,716,,
cell476,3157,6,426.0833333,,
cell477,5362,10,244,,
cell478,892,2,488.0833333,,
cell479,795,2,294,,
cell480,97,1,46,,
cell481,5051,9,770,,
cell482,3798,7,560.0833333,,
cell483,2222,4,852,,
cell484,304,1,460.0833333,,
cell485,2818,5,896,,
cell486,1282,3,120.0833333,,
cell487,1592,3,740,,
cell488,2447,5,154,,
cell489,1966,4,340.0833333,,
cell490,1896,4,200,,
cell491,3560,7,84.08333333,,
cell492,5076,9,820,,
cell493,1112,2,928,,
cell494,3563,7,90.08333333,,
cell495,5123,9,914,,
cell496,1808,4,24.08333333,,
cell497,2560,5,380.0833333,,
cell498,1889,4,186,,
cell499,4254,8,324.0833333,,
cell500,4731,9,130.0833333,,
cell501,1959,4,326.0833333,,
cell502,2546,5,352.0833333,,
cell503,649,2,2.083333333,,
cell504,1289,3,134.0833333,,
cell505,915,2,534.0833333,,
cell506,3659,7,282,,
cell507,3320,6,752,,
cell508,3140,6,392.0833333,,
cell509,2508,5,276,,
cell510,4269,8,354.0833333,,
cell511,385,1,622,,
cell512,2192,4,792,,
cell513,1366,3,288,,
cell514,3909,7,782,,
cell515,134,1,120.0833333,,
cell516,3052,6,216,,
cell517,3103,6,318.0833333,,
cell518,696,2,96.08333333,,
cell519,1299,3,154,,
cell520,874,2,452.0833333,,
cell521,1894,4,196,,
cell522,3560,7,84.08333333,,
cell523,1517,3,590.0833333,,
cell524,728,2,160,,
cell525,346,1,544.0833333,,
cell526,792,2,288,,
cell527,1329,3,214,,
cell528,522,1,896,,
cell529,1875,4,158,,
cell530,2625,5,510.0833333,,
cell531,5353,10,226,,
cell532,1075,2,854,,
cell533,4817,9,302,,
cell534,1571,3,698,,
cell535,3041,6,194,,
cell536,5136,9,940,,
cell537,5260,10,40,,
cell538,1483,3,522.0833333,,
cell539,2984,6,80.08333333,,
cell540,3557,7,78.08333333,,
cell541,1506,3,568.0833333,,
cell542,4863,9,394.0833333,,
cell543,2429,5,118.0833333,,
cell544,1923,4,254,,
cell545,5394,10,308.0833333,,
cell546,1833,4,74,,
cell547,4133,8,82.08333333,,
cell548,297,1,446.0833333,,
cell549,5057,9,782,,
cell550,866,2,436.0833333,,
cell551,4961,9,590.0833333,,
cell552,2230,4,868,,
cell553,1235,3,26.08333333,,
cell554,3192,6,496.0833333,,
cell555,5598,10,716,,
cell556,857,2,418.0833333,,
cell557,2217,4,842,,
cell558,4342,8,500.0833333,,
cell559,2637,5,534.0833333,,
cell560,3262,6,636,,
cell561,1611,3,778,,
cell562,3330,6,772,,
cell563,815,2,334.0833333,,
cell564,447,1,746,,
cell565,3594,7,152.0833333,,
cell566,5311,10,142.0833333,,
cell567,124,1,100.0833333,,
cell568,1296,3,148.0833333,,
cell569,732,2,168,,
cell570,3042,6,196,,
cell571,4758,9,184,,
cell572,886,2,476.0833333,,
cell573,1971,4,350.0833333,,
cell574,5035,9,738,,
cell575,2096,4,600.0833333,,
cell576,2426,5,112.0833333,,
cell577,549,1,950,,
cell578,3439,6,990,,
cell579,4953,9,574.0833333,,
cell580,1797,4,2.083333333,,
cell581,2807,5,874,,
cell582,3183,6,478.0833333,,
cell583,4717,9,102.0833333,,
cell584,5301,10,122.0833333,,
cell585,492,1,836,,
cell586,4841,9,350.0833333,,
cell587,1850,4,108.0833333,,
cell588,4903,9,474.0833333,,
cell589,5617,10,754,,
cell590,3554,7,72,,
cell591,3675,7,314.0833333,,
cell592,4146,8,108.0833333,,
cell593,2092,4,592.0833333,,
cell594,3357,6,826,,
cell595,3525,7,14,,
cell596,2039,4,486.0833333,,
cell597,741,2,186,,
cell598,4211,8,238,,
cell599,3550,7,64,,
cell600,5256,10,32.08333333,,
cell601,5276,10,72,,
cell602,674,2,52,,
cell603,2538,5,336.0833333,,
cell604,1585,3,726,,
cell605,719,2,142.0833333,,
cell606,5340,10,200,,
cell607,922,2,548.0833333,,
cell608,901,2,506.0833333,,
cell609,1335,3,226,,
cell610,1622,3,800,,
cell611,3567,7,98.08333333,,
cell612,2463,5,186,,
cell613,4121,8,58,,
cell614,1609,3,774,,
cell615,4359,8,534.0833333,,
cell616,896,2,496.0833333,,
cell617,677,2,58,,
cell618,708,2,120.0833333,,
cell619,701,2,106.0833333,,
cell620,1465,3,486.0833333,,
cell621,649,2,2.083333333,,
cell622,185,1,222,,
cell623,1242,3,40,,
cell624,2960,6,32.08333333,,
cell625,1805,4,18,,
cell626,2526,5,312.0833333,,
cell627,3001,6,114.0833333,,
cell628,3390,6,892,,
cell629,1600,3,756,,
cell630,2468,5,196,,
cell631,4326,8,468.0833333,,
cell632,5255,10,30.08333333,,
cell633,5247,10,14,,
cell634,856,2,416.0833333,,
cell635,221,1,294,,
cell636,2186,4,780,,
cell637,2637,5,534.0833333,,
cell638,1823,4,54,,
cell639,1269,3,94.08333333,,
cell640,3715,7,394.0833333,,
cell641,1393,3,342.0833333,,
cell642,5430,10,380.0833333,,
cell643,2402,5,64,,
cell644,5379,10,278,,
cell645,4748,9,164,,
cell646,4717,9,102.0833333,,
cell647,357,1,566.0833333,,
cell648,2562,5,384.0833333,,
cell649,905,2,514.0833333,,
cell650,829,2,362.0833333,,
cell651,3151,6,414.0833333,,
cell652,3535,7,34.08333333,,
cell653,4196,8,208,,
cell654,1470,3,496.0833333,,
cell655,4253,8,322.0833333,,
cell656,4738,9,144.0833333,,
cell657,2965,6,42,,
cell658,1068,2,840,,
cell659,1286,3,128.0833333,,
cell660,4835,9,338.0833333,,
cell661,1281,3,118.0833333,,
cell662,128,1,108.0833333,,
cell663,1113,2,930,,
cell664,791,2,286,,
cell665,680,2,64,,
cell666,5077,9,822,,
cell667,1015,2,734,,
cell668,113,1,78.08333333,,
cell669,2681,5,622,,
cell670,702,2,108.0833333,,
cell671,4147,8,110.0833333,,
cell672,4549,8,914,,
cell673,3042,6,196,,
cell674,957,2,618,,
cell675,389,1,630,,
cell676,4924,9,516.0833333,,
cell677,694,2,92.08333333,,
cell678,2561,5,382.0833333,,
cell679,3118,6,348.0833333,,
cell680,4116,8,48,,
cell681,695,2,94.08333333,,
cell682,232,1,316.0833333,,
cell683,1858,4,124.0833333,,
cell684,1885,4,178,,
cell685,4825,9,318.0833333,,
cell686,2988,6,88.08333333,,
cell687,4412,8,640,,
cell688,2444,5,148.0833333,,
cell689,5602,10,724,,
cell690,1970,4,348.0833333,,
cell691,3956,7,876,,
cell692,3524,7,12,,
cell693,4671,9,10,,
cell694,1053,2,810,,
cell695,1086,2,876,,
cell696,567,1,986,,
cell697,4712,9,92.08333333,,
cell698,3702,7,368.0833333,,
cell699,3975,7,914,,
cell700,3580,7,124.0833333,,
cell701,4141,8,98.08333333,,
cell702,3979,7,922,,
cell703,4189,8,194,,
cell704,870,2,444.0833333,,
cell705,5270,10,60,,
cell706,1262,3,80.08333333,,
cell707,3574,7,112.0833333,,
cell708,336,1,524.0833333,,
cell709,464,1,780,,
cell710,4503,8,822,,
cell711,1594,3,744,,
cell712,1373,3,302,,
cell713,4720,9,108.0833333,,
cell714,2598,5,456.0833333,,
cell715,3113,6,338.0833333,,
cell716,4955,9,578.0833333,,
cell717,984,2,672,,
cell718,3917,7,798,,
cell719,1283,3,122.0833333,,
cell720,730,2,164,,
cell721,2010,4,428.0833333,,
cell722,5375,10,270,,
cell723,1613,3,782,,
cell724,778,2,260,,
cell725,3963,7,890,,
cell726,1090,2,884,,
cell727,4204,8,224,,
cell728,1303,3,162,,
cell729,3648,7,260,,
cell730,990,2,684,,
cell731,4252,8,320.0833333,,
cell732,681,2,66,,
cell733,4836,9,340.0833333,,
cell734,1805,4,18,,
cell735,2449,5,158,,
cell736,3985,7,934,,
cell737,4432,8,680,,
cell738,2994,6,100.0833333,,
cell739,838,2,380.0833333,,
cell740,3581,7,126.0833333,,
cell741,3667,7,298,,
cell742,2980,6,72,,
cell743,3527,7,18,,
cell744,4014,7,992,,
cell745,300,1,452.0833333,,
cell746,347,1,546.0833333,,
cell747,394,1,640,,
cell748,4223,8,262,,
cell749,745,2,194,,
cell750,430,1,712,,
cell751,778,2,260,,
cell752,762,2,228,,
cell753,2071,4,550.0833333,,
cell754,3533,7,30.08333333,,
cell755,4465,8,746,,
cell756,3636,7,236,,
cell757,4881,9,430.0833333,,
cell758,2015,4,438.0833333,,
cell759,4220,8,256,,
cell760,303,1,458.0833333,,
cell761,2651,5,562.0833333,,
cell762,1712,3,980,,
cell763,1954,4,316.0833333,,
cell764,2997,6,106.0833333,,
cell765,1818,4,44,,
cell766,2544,5,348.0833333,,
cell767,3207,6,526.0833333,,
cell768,5134,9,936,,
cell769,4241,8,298,,
cell770,2075,4,558.0833333,,
cell771,2869,5,998,,
cell772,214,1,280,,
cell773,1833,4,74,,
cell774,1640,3,836,,
cell775,850,2,404.0833333,,
cell776,1620,3,796,,
cell777,2375,5,10,,
cell778,4914,9,496.0833333,,
cell779,2995,6,102.0833333,,
cell780,698,2,100.0833333,,
cell781,890,2,484.0833333,,
cell782,4854,9,376.0833333,,
cell783,2426,5,112.0833333,,
cell784,4176,8,168,,
cell785,3576,7,116.0833333,,
cell786,2292,4,992,,
cell787,5312,10,144.0833333,,
cell788,4213,8,242,,
cell789,447,1,746,,
cell790,1473,3,502.0833333,,
cell791,3317,6,746,,
cell792,1299,3,154,,
cell793,4226,8,268,,
cell794,2635,5,530.0833333,,
cell795,1961,4,330.0833333,,
cell796,3002,6,116.0833333,,
cell797,683,2,70,,
cell798,4130,8,76,,
cell799,4739,9,146.0833333,,
cell800,3067,6,246,,
cell801,717,2,138.0833333,,
cell802,4324,8,464.0833333,,
cell803,753,2,210,,
cell804,5359,10,238,,
cell805,5247,10,14,,
cell806,4443,8,702,,
cell807,2528,5,316.0833333,,
cell808,952,2,608.0833333,,
cell809,1862,4,132.0833333,,
cell810,4357,8,530.0833333,,
cell811,809,2,322.0833333,,
cell812,4812,9,292,,
cell813,5264,10,48,,
cell814,4206,8,228,,
cell815,3857,7,678,,
cell816,1110,2,924,,
cell817,5275,10,70,,
cell818,126,1,104.0833333,,
cell819,5039,9,746,,
cell820,4900,9,468.0833333,,
cell821,4291,8,398.0833333,,
cell822,127,1,106.0833333,,
cell823,4177,8,170,,
cell824,4675,9,18,,
cell825,5327,10,174,,
cell826,2865,5,990,,
cell827,2950,6,12,,
cell828,1118,2,940,,
cell829,209,1,270,,
cell830,86,1,24.08333333,,
cell831,5301,10,122.0833333,,
cell832,2573,5,406.0833333,,
cell833,1919,4,246,,
cell834,3750,7,464.0833333,,
cell835,3983,7,930,,
cell836,473,1,798,,
cell837,2625,5,510.0833333,,
cell838,3693,7,350.0833333,,
cell839,3276,6,664,,
cell840,4883,9,434.0833333,,
cell841,5618,10,756,,
cell842,1645,3,846,,
cell843,5280,10,80.08333333,,
cell844,2411,5,82.08333333,,
cell845,2944,6,0,,
cell846,5152,9,972,,
cell847,189,1,230,,
cell848,3190,6,492.0833333,,
cell849,91,1,34.08333333,,
cell850,4173,8,162,,
cell851,4820,9,308.0833333,,
cell852,4820,9,308.0833333,,
cell853,4188,8,192,,
cell854,904,2,512.0833333,,
cell855,4376,8,568.0833333,,
cell856,4868,9,404.0833333,,
cell857,1294,3,144.0833333,,
cell858,707,2,118.0833333,,
cell859,4213,8,242,,
cell860,1461,3,478.0833333,,
cell861,267,1,386.0833333,,
cell862,3185,6,482.0833333,,
cell863,3152,6,416.0833333,,
cell864,125,1,102.0833333,,
cell865,5701,10,922,,
cell866,904,2,512.0833333,,
cell867,3397,6,906,,
cell868,2372,5,4,,
cell869,1640,3,836,,
cell870,1925,4,258,,
cell871,5337,10,194,,
cell872,674,2,52,,
cell873,3309,6,730,,
cell874,2219,4,846,,
cell875,4318,8,452.0833333,,
cell876,4810,9,288,,
cell877,1266,3,88.08333333,,
cell878,547,1,946,,
cell879,4870,9,408.0833333,,
cell880,1899,4,206,,
cell881,322,1,496.0833333,,
cell882,4147,8,110.0833333,,
cell883,4285,8,386.0833333,,
cell884,5574,10,668,,
cell885,2539,5,338.0833333,,
cell886,1573,3,702,,
cell887,4676,9,20.08333333,,
cell888,736,2,176,,
cell889,2254,4,916,,
cell890,1431,3,418.0833333,,
cell891,1900,4,208,,
cell892,3418,6,948,,
cell893,318,1,488.0833333,,
cell894,76,1,4,,
cell895,2463,5,186,,
cell896,300,1,452.0833333,,
cell897,1312,3,180,,
cell898,204,1,260,,
cell899,1701,3,958,,
cell900,3591,7,146.0833333,,
cell901,2970,6,52,,
cell902,1839,4,86.08333333,,
cell903,3046,6,204,,
cell904,2651,5,562.0833333,,
cell905,1857,4,122.0833333,,
cell906,5292,10,104.0833333,,
cell907,1968,4,344.0833333,,
cell908,427,1,706,,
cell909,1439,3,434.0833333,,
cell910,659,2,22.08333333,,
cell911,2734,5,728,,
cell912,333,1,518.0833333,,
cell913,4815,9,298,,
cell914,3443,6,998,,
cell915,2690,5,640,,
cell916,5260,10,40,,
cell917,3518,7,0,,
cell918,2425,5,110.0833333,,
cell919,1130,2,964,,
cell920,1301,3,158,,
cell921,127,1,106.0833333,,
cell922,3375,6,862,,
cell923,2549,5,358.0833333,,
cell924,892,2,488.0833333,,
cell925,5402,10,324.0833333,,
cell926,4740,9,148.0833333,,
cell927,3175,6,462.0833333,,
cell928,2805,5,870,,
cell929,1107,2,918,,
cell930,3177,6,466.0833333,,
cell931,1957,4,322.0833333,,
cell932,3298,6,708,,
cell933,3524,7,12,,
cell934,150,1,152.0833333,,
cell935,3845,7,654,,
cell936,2186,4,780,,
cell937,4091,8,0,,
cell938,2397,5,54,,
cell939,3184,6,480.0833333,,
cell940,5407,10,334.0833333,,
cell941,2865,5,990,,
cell942,3289,6,690,,
cell943,4133,8,82.08333333,,
cell944,1083,2,870,,
cell945,1974,4,356.0833333,,
cell946,4751,9,170,,
cell947,2980,6,72,,
cell948,4922,9,512.0833333,,
cell949,875,2,454.0833333,,
cell950,5449,10,418.0833333,,
cell951,1069,2,842,,
cell952,3357,6,826,,
cell953,296,1,444.0833333,,
cell954,215,1,282,,
cell955,326,1,504.0833333,,
cell956,4274,8,364.0833333,,
cell957,1955,4,318.0833333,,
cell958,3524,7,12,,
cell959,210,1,272,,
cell960,1092,2,888,,
cell961,293,1,438.0833333,,
cell962,3587,7,138.0833333,,
cell963,4506,8,828,,
cell964,2682,5,624,,
cell965,4141,8,98.08333333,,
cell966,4526,8,868,,
cell967,770,2,244,,
cell968,1029,2,762,,
cell969,696,2,96.08333333,,
cell970,460,1,772,,
cell971,1282,3,120.0833333,,
cell972,4193,8,202,,
cell973,3225,6,562.0833333,,
cell974,1517,3,590.0833333,,
cell975,2622,5,504.0833333,,
cell976,2519,5,298,,
cell977,3534,7,32.08333333,,
cell978,1482,3,520.0833333,,
cell979,937,2,578.0833333,,
cell980,848,2,400.0833333,,
cell981,1989,4,386.0833333,,
cell982,801,2,306,,
cell983,4194,8,204,,
cell984,1483,3,522.0833333,,
cell985,1282,3,120.0833333,,
cell986,1717,3,990,,
cell987,1076,2,856,,
cell988,1511,3,578.0833333,,
cell989,869,2,442.0833333,,
cell990,2982,6,76,,
cell991,1795,4,0,,
cell992,5365,10,250,,
cell993,2521,5,302,,
cell994,4722,9,112.0833333,,
cell995,1833,4,74,,
cell996,3902,7,768,,
cell997,1278,3,112.0833333,,
cell998,73,1,0,,
cell999,4725,9,118.0833333,,
cell1000,2982,6,76,,
,,,,,a
